run_id	stage	dataset	dataset_slug	backbone	variant	seed	seeds	hparams_id	hparams_json	status	balanced_accuracy	accuracy	best_val_balanced_accuracy	best_epoch	run_dir	config	job_name	notes
stage1_screen_bcic2a_biot_coords3d_gain0p10_s42	stage1_screen	bcic_2a	bcic2a	biot	coords3d	42	42	coords3d_gain0p10	"{""spatial_init_gain"":0.1}"	completed	0.3237847222222222	0.3237847222222222	0.3098958333333333	4	results/spatial_search/runs/bcic_2a_biot_coords3d_full_seed42_same_layout_2026-05-21-1614	configs/eegfm_bench/generated/spatial_search/stage1_screen/bcic2a/biot/stage1_screen_bcic2a_biot_coords3d_gain0p10_s42.yaml	ss_s1_bcic2a_biot_c3_gain0p10_s42	BIOT 3D coordinate token residual
stage1_screen_bcic2a_biot_coords3d_rbf_axes_n6_gain0p10_s42	stage1_screen	bcic_2a	bcic2a	biot	coords3d_rbf	42	42	coords3d_rbf_axes_n6_gain0p10	"{""spatial_embedding_kwargs"":{""anchor_mode"":""axes"",""n_rbf"":6},""spatial_init_gain"":0.1}"	completed	0.23958333333333334	0.23958333333333334	0.296875	3	results/spatial_search/runs/bcic_2a_biot_coords3d_rbf_full_seed42_same_layout_2026-05-17-0607	configs/eegfm_bench/generated/spatial_search/stage1_screen/bcic2a/biot/stage1_screen_bcic2a_biot_coords3d_rbf_axes_n6_gain0p10_s42.yaml	ss_s1_bcic2a_biot_c3_rbf_axes_n6_gain0p10_s42	BIOT Euclidean anchor-RBF coordinate token residual
stage1_screen_bcic2a_biot_coords3d_geodesic_rbf_axes_n6_gain0p10_s42	stage1_screen	bcic_2a	bcic2a	biot	coords3d_geodesic_rbf	42	42	coords3d_geodesic_rbf_axes_n6_gain0p10	"{""spatial_embedding_kwargs"":{""anchor_mode"":""axes"",""n_rbf"":6},""spatial_init_gain"":0.1}"	completed	0.2673611111111111	0.2673611111111111	0.2977430555555556	6	results/spatial_search/runs/bcic_2a_biot_coords3d_geodesic_rbf_full_seed42_same_layout_2026-05-17-0608	configs/eegfm_bench/generated/spatial_search/stage1_screen/bcic2a/biot/stage1_screen_bcic2a_biot_coords3d_geodesic_rbf_axes_n6_gain0p10_s42.yaml	ss_s1_bcic2a_biot_c3_geodesic_rbf_axes_n6_gain0p10_s42	BIOT spherical geodesic anchor-RBF token residual
stage1_screen_bcic2a_biot_coords3d_reference_gain0p10_s42	stage1_screen	bcic_2a	bcic2a	biot	coords3d_reference	42	42	coords3d_reference_gain0p10	"{""spatial_init_gain"":0.1}"	completed	0.24739583333333331	0.24739583333333334	0.3072916666666667	3	results/spatial_search/runs/bcic_2a_biot_coords3d_reference_full_seed42_same_layout_2026-05-17-0609	configs/eegfm_bench/generated/spatial_search/stage1_screen/bcic2a/biot/stage1_screen_bcic2a_biot_coords3d_reference_gain0p10_s42.yaml	ss_s1_bcic2a_biot_c3_reference_gain0p10_s42	BIOT 3D coordinates plus reference metadata
stage1_screen_bcic2a_labram_coords3d_residual_s42	stage1_screen	bcic_2a	bcic2a	labram	coords3d	42	42	coords3d_residual	"{""spatial_pos_mode"":""residual""}"	completed	0.3125	0.3125	0.3315972222222222	18	results/spatial_search/runs/bcic_2a_labram_coords3d_full_seed42_same_layout_2026-05-21-1614	configs/eegfm_bench/generated/spatial_search/stage1_screen/bcic2a/labram/stage1_screen_bcic2a_labram_coords3d_residual_s42.yaml	ss_s1_bcic2a_labram_c3_residual_s42	3D coordinate residual on native positions
stage1_screen_bcic2a_labram_coords3d_replace_s42	stage1_screen	bcic_2a	bcic2a	labram	coords3d	42	42	coords3d_replace	"{""spatial_pos_mode"":""replace""}"	completed	0.27864583333333337	0.2786458333333333	0.33854166666666663	10	results/spatial_search/runs/bcic_2a_labram_coords3d_full_seed42_same_layout_2026-05-21-1615	configs/eegfm_bench/generated/spatial_search/stage1_screen/bcic2a/labram/stage1_screen_bcic2a_labram_coords3d_replace_s42.yaml	ss_s1_bcic2a_labram_c3_replace_s42	3D coordinate replacement of native positions
stage1_screen_bcic2a_labram_coords3d_rbf_axes_n6_residual_s42	stage1_screen	bcic_2a	bcic2a	labram	coords3d_rbf	42	42	coords3d_rbf_axes_n6_residual	"{""spatial_embedding_kwargs"":{""anchor_mode"":""axes"",""n_rbf"":6},""spatial_pos_mode"":""residual""}"	completed	0.3090277777777778	0.3090277777777778	0.29947916666666663	12	results/spatial_search/runs/bcic_2a_labram_coords3d_rbf_full_seed42_same_layout_2026-05-17-0617	configs/eegfm_bench/generated/spatial_search/stage1_screen/bcic2a/labram/stage1_screen_bcic2a_labram_coords3d_rbf_axes_n6_residual_s42.yaml	ss_s1_bcic2a_labram_c3_rbf_axes_n6_residual_s42	Euclidean anchor-RBF residual on native positions
stage1_screen_bcic2a_labram_coords3d_rbf_axes_n6_replace_s42	stage1_screen	bcic_2a	bcic2a	labram	coords3d_rbf	42	42	coords3d_rbf_axes_n6_replace	"{""spatial_embedding_kwargs"":{""anchor_mode"":""axes"",""n_rbf"":6},""spatial_pos_mode"":""replace""}"	completed	0.2638888888888889	0.2638888888888889	0.28125	7	results/spatial_search/runs/bcic_2a_labram_coords3d_rbf_full_seed42_same_layout_2026-05-17-0618	configs/eegfm_bench/generated/spatial_search/stage1_screen/bcic2a/labram/stage1_screen_bcic2a_labram_coords3d_rbf_axes_n6_replace_s42.yaml	ss_s1_bcic2a_labram_c3_rbf_axes_n6_replace_s42	Euclidean anchor-RBF replacement of native positions
stage1_screen_bcic2a_labram_coords3d_geodesic_rbf_axes_n6_residual_s42	stage1_screen	bcic_2a	bcic2a	labram	coords3d_geodesic_rbf	42	42	coords3d_geodesic_rbf_axes_n6_residual	"{""spatial_embedding_kwargs"":{""anchor_mode"":""axes"",""n_rbf"":6},""spatial_pos_mode"":""residual""}"	completed	0.2708333333333333	0.2708333333333333	0.2881944444444444	14	results/spatial_search/runs/bcic_2a_labram_coords3d_geodesic_rbf_full_seed42_same_layout_2026-05-17-0619	configs/eegfm_bench/generated/spatial_search/stage1_screen/bcic2a/labram/stage1_screen_bcic2a_labram_coords3d_geodesic_rbf_axes_n6_residual_s42.yaml	ss_s1_bcic2a_labram_c3_geodesic_rbf_axes_n6_residual_s42	Spherical geodesic anchor-RBF residual positions
stage1_screen_bcic2a_labram_coords3d_geodesic_rbf_axes_n6_replace_s42	stage1_screen	bcic_2a	bcic2a	labram	coords3d_geodesic_rbf	42	42	coords3d_geodesic_rbf_axes_n6_replace	"{""spatial_embedding_kwargs"":{""anchor_mode"":""axes"",""n_rbf"":6},""spatial_pos_mode"":""replace""}"	completed	0.28385416666666663	0.2838541666666667	0.3072916666666667	14	results/spatial_search/runs/bcic_2a_labram_coords3d_geodesic_rbf_full_seed42_same_layout_2026-05-17-0622	configs/eegfm_bench/generated/spatial_search/stage1_screen/bcic2a/labram/stage1_screen_bcic2a_labram_coords3d_geodesic_rbf_axes_n6_replace_s42.yaml	ss_s1_bcic2a_labram_c3_geodesic_rbf_axes_n6_replace_s42	Spherical geodesic anchor-RBF replacement positions
stage1_screen_bcic2a_labram_coords3d_reference_residual_s42	stage1_screen	bcic_2a	bcic2a	labram	coords3d_reference	42	42	coords3d_reference_residual	"{""spatial_pos_mode"":""residual""}"	completed	0.24479166666666669	0.24479166666666666	0.29340277777777773	6	results/spatial_search/runs/bcic_2a_labram_coords3d_reference_full_seed42_same_layout_2026-05-17-0623	configs/eegfm_bench/generated/spatial_search/stage1_screen/bcic2a/labram/stage1_screen_bcic2a_labram_coords3d_reference_residual_s42.yaml	ss_s1_bcic2a_labram_c3_reference_residual_s42	3D reference-aware residual positions
stage1_screen_bcic2a_labram_coords3d_reference_replace_s42	stage1_screen	bcic_2a	bcic2a	labram	coords3d_reference	42	42	coords3d_reference_replace	"{""spatial_pos_mode"":""replace""}"	completed	0.2673611111111111	0.2673611111111111	0.29687500000000006	11	results/spatial_search/runs/bcic_2a_labram_coords3d_reference_full_seed42_same_layout_2026-05-17-0624	configs/eegfm_bench/generated/spatial_search/stage1_screen/bcic2a/labram/stage1_screen_bcic2a_labram_coords3d_reference_replace_s42.yaml	ss_s1_bcic2a_labram_c3_reference_replace_s42	3D reference-aware replacement positions
stage1_screen_bcic2a_cbramod_coords3d_pair32_s42	stage1_screen	bcic_2a	bcic2a	cbramod	coords3d	42	42	coords3d_pair32	"{""graph_depth"":0,""native_pair_dim"":32}"	completed	0.2526041666666667	0.2526041666666667	0.3046875	18	results/spatial_search/runs/bcic_2a_cbramod_coords3d_full_seed42_same_layout_2026-05-21-1617	configs/eegfm_bench/generated/spatial_search/stage1_screen/bcic2a/cbramod/stage1_screen_bcic2a_cbramod_coords3d_pair32_s42.yaml	ss_s1_bcic2a_cbramod_c3_pair32_s42	3D native bias with small pair projection
stage1_screen_bcic2a_cbramod_coords3d_pair64_s42	stage1_screen	bcic_2a	bcic2a	cbramod	coords3d	42	42	coords3d_pair64	"{""graph_depth"":0,""native_pair_dim"":64}"	completed	0.2977430555555556	0.2977430555555556	0.3350694444444444	30	results/spatial_search/runs/bcic_2a_cbramod_coords3d_full_seed42_same_layout_2026-05-21-1618	configs/eegfm_bench/generated/spatial_search/stage1_screen/bcic2a/cbramod/stage1_screen_bcic2a_cbramod_coords3d_pair64_s42.yaml	ss_s1_bcic2a_cbramod_c3_pair64_s42	3D native bias default pair projection
stage1_screen_bcic2a_cbramod_coords3d_reference_pair64_s42	stage1_screen	bcic_2a	bcic2a	cbramod	coords3d_reference	42	42	coords3d_reference_pair64	"{""graph_depth"":0,""native_pair_dim"":64}"	completed	0.27864583333333337	0.2786458333333333	0.31423611111111116	21	results/spatial_search/runs/bcic_2a_cbramod_coords3d_reference_full_seed42_same_layout_2026-05-17-0627	configs/eegfm_bench/generated/spatial_search/stage1_screen/bcic2a/cbramod/stage1_screen_bcic2a_cbramod_coords3d_reference_pair64_s42.yaml	ss_s1_bcic2a_cbramod_c3_reference_pair64_s42	reference-aware 3D native bias
stage1_screen_bcic2a_cbramod_coords3d_reference_pair128_s42	stage1_screen	bcic_2a	bcic2a	cbramod	coords3d_reference	42	42	coords3d_reference_pair128	"{""graph_depth"":0,""native_pair_dim"":128}"	completed	0.3255208333333333	0.3255208333333333	0.3289930555555555	34	results/spatial_search/runs/bcic_2a_cbramod_coords3d_reference_full_seed42_same_layout_2026-05-17-0628	configs/eegfm_bench/generated/spatial_search/stage1_screen/bcic2a/cbramod/stage1_screen_bcic2a_cbramod_coords3d_reference_pair128_s42.yaml	ss_s1_bcic2a_cbramod_c3_reference_pair128_s42	reference-aware 3D larger pair projection
stage1_screen_bcic2a_cbramod_coords3d_distbias_pair64_scale0p02_n8_s42	stage1_screen	bcic_2a	bcic2a	cbramod	coords3d_distbias	42	42	coords3d_distbias_pair64_scale0p02_n8	"{""dist_bias_scale"":0.02,""graph_depth"":0,""native_pair_dim"":64,""spatial_embedding_kwargs"":{""n_rbf"":8}}"	completed	0.3012152777777778	0.3012152777777778	0.3376736111111111	27	results/spatial_search/runs/bcic_2a_cbramod_coords3d_distbias_full_seed42_same_layout_2026-05-17-0629	configs/eegfm_bench/generated/spatial_search/stage1_screen/bcic2a/cbramod/stage1_screen_bcic2a_cbramod_coords3d_distbias_pair64_scale0p02_n8_s42.yaml	ss_s1_bcic2a_cbramod_c3_distbias_pair64_scale0p02_n8_s42	3D native bias plus weak explicit RBF distance bias
stage1_screen_bcic2a_cbramod_coords3d_distbias_pair64_scale0p05_n8_s42	stage1_screen	bcic_2a	bcic2a	cbramod	coords3d_distbias	42	42	coords3d_distbias_pair64_scale0p05_n8	"{""dist_bias_scale"":0.05,""graph_depth"":0,""native_pair_dim"":64,""spatial_embedding_kwargs"":{""n_rbf"":8}}"	completed	0.3012152777777778	0.3012152777777778	0.3376736111111111	27	results/spatial_search/runs/bcic_2a_cbramod_coords3d_distbias_full_seed42_same_layout_2026-05-17-0638	configs/eegfm_bench/generated/spatial_search/stage1_screen/bcic2a/cbramod/stage1_screen_bcic2a_cbramod_coords3d_distbias_pair64_scale0p05_n8_s42.yaml	ss_s1_bcic2a_cbramod_c3_distbias_pair64_scale0p05_n8_s42	3D native bias plus default explicit RBF distance bias
stage1_screen_bcic2a_cbramod_coords3d_distbias_pair128_scale0p05_n12_s42	stage1_screen	bcic_2a	bcic2a	cbramod	coords3d_distbias	42	42	coords3d_distbias_pair128_scale0p05_n12	"{""dist_bias_scale"":0.05,""graph_depth"":0,""native_pair_dim"":128,""spatial_embedding_kwargs"":{""n_rbf"":12}}"	completed	0.31510416666666663	0.3151041666666667	0.3116319444444444	34	results/spatial_search/runs/bcic_2a_cbramod_coords3d_distbias_full_seed42_same_layout_2026-05-17-0639	configs/eegfm_bench/generated/spatial_search/stage1_screen/bcic2a/cbramod/stage1_screen_bcic2a_cbramod_coords3d_distbias_pair128_scale0p05_n12_s42.yaml	ss_s1_bcic2a_cbramod_c3_distbias_pair128_scale0p05_n12_s42	3D distance bias with larger pair projection and richer RBF basis
stage1_screen_bcic2a_cbramod_coords3d_rbf_axes_n6_pair64_s42	stage1_screen	bcic_2a	bcic2a	cbramod	coords3d_rbf	42	42	coords3d_rbf_axes_n6_pair64	"{""graph_depth"":0,""native_pair_dim"":64,""spatial_embedding_kwargs"":{""anchor_mode"":""axes"",""n_rbf"":6}}"	completed	0.3229166666666667	0.3229166666666667	0.34114583333333337	30	results/spatial_search/runs/bcic_2a_cbramod_coords3d_rbf_full_seed42_same_layout_2026-05-17-0640	configs/eegfm_bench/generated/spatial_search/stage1_screen/bcic2a/cbramod/stage1_screen_bcic2a_cbramod_coords3d_rbf_axes_n6_pair64_s42.yaml	ss_s1_bcic2a_cbramod_c3_rbf_axes_n6_pair64_s42	Euclidean anchor-RBF native channel-attention bias
stage1_screen_bcic2a_cbramod_coords3d_rbf_axesdiag_n4_pair64_s42	stage1_screen	bcic_2a	bcic2a	cbramod	coords3d_rbf	42	42	coords3d_rbf_axesdiag_n4_pair64	"{""graph_depth"":0,""native_pair_dim"":64,""spatial_embedding_kwargs"":{""anchor_mode"":""axes_diagonal"",""n_rbf"":4}}"	completed	0.3559027777777778	0.3559027777777778	0.3324652777777778	29	results/spatial_search/runs/bcic_2a_cbramod_coords3d_rbf_full_seed42_same_layout_2026-05-17-0649	configs/eegfm_bench/generated/spatial_search/stage1_screen/bcic2a/cbramod/stage1_screen_bcic2a_cbramod_coords3d_rbf_axesdiag_n4_pair64_s42.yaml	ss_s1_bcic2a_cbramod_c3_rbf_axesdiag_n4_pair64_s42	Euclidean anchor-RBF native bias with diagonal anchors
stage1_screen_bcic2a_cbramod_coords3d_rbf_axes_n8_pair128_s42	stage1_screen	bcic_2a	bcic2a	cbramod	coords3d_rbf	42	42	coords3d_rbf_axes_n8_pair128	"{""graph_depth"":0,""native_pair_dim"":128,""spatial_embedding_kwargs"":{""anchor_mode"":""axes"",""n_rbf"":8}}"	completed	0.2960069444444444	0.2960069444444444	0.3246527777777778	24	results/spatial_search/runs/bcic_2a_cbramod_coords3d_rbf_full_seed42_same_layout_2026-05-17-0650	configs/eegfm_bench/generated/spatial_search/stage1_screen/bcic2a/cbramod/stage1_screen_bcic2a_cbramod_coords3d_rbf_axes_n8_pair128_s42.yaml	ss_s1_bcic2a_cbramod_c3_rbf_axes_n8_pair128_s42	Euclidean anchor-RBF larger pair projection
stage1_screen_bcic2a_cbramod_coords3d_geodesic_rbf_axes_n6_pair64_s42	stage1_screen	bcic_2a	bcic2a	cbramod	coords3d_geodesic_rbf	42	42	coords3d_geodesic_rbf_axes_n6_pair64	"{""graph_depth"":0,""native_pair_dim"":64,""spatial_embedding_kwargs"":{""anchor_mode"":""axes"",""n_rbf"":6}}"	completed	0.3177083333333333	0.3177083333333333	0.3602430555555555	26	results/spatial_search/runs/bcic_2a_cbramod_coords3d_geodesic_rbf_full_seed42_same_layout_2026-05-17-0651	configs/eegfm_bench/generated/spatial_search/stage1_screen/bcic2a/cbramod/stage1_screen_bcic2a_cbramod_coords3d_geodesic_rbf_axes_n6_pair64_s42.yaml	ss_s1_bcic2a_cbramod_c3_geodesic_rbf_axes_n6_pair64_s42	Spherical geodesic anchor-RBF native bias
stage1_screen_bcic2a_cbramod_coords3d_geodesic_rbf_axesdiag_n4_pair64_s42	stage1_screen	bcic_2a	bcic2a	cbramod	coords3d_geodesic_rbf	42	42	coords3d_geodesic_rbf_axesdiag_n4_pair64	"{""graph_depth"":0,""native_pair_dim"":64,""spatial_embedding_kwargs"":{""anchor_mode"":""axes_diagonal"",""n_rbf"":4}}"	completed	0.3576388888888889	0.3576388888888889	0.33333333333333337	31	results/spatial_search/runs/bcic_2a_cbramod_coords3d_geodesic_rbf_full_seed42_same_layout_2026-05-17-0700	configs/eegfm_bench/generated/spatial_search/stage1_screen/bcic2a/cbramod/stage1_screen_bcic2a_cbramod_coords3d_geodesic_rbf_axesdiag_n4_pair64_s42.yaml	ss_s1_bcic2a_cbramod_c3_geodesic_rbf_axesdiag_n4_pair64_s42	Spherical geodesic anchor-RBF native bias with diagonal anchors
stage1_screen_bcic2a_cbramod_coords3d_pair64_graph1_k4_s42	stage1_screen	bcic_2a	bcic2a	cbramod	coords3d	42	42	coords3d_pair64_graph1_k4	"{""graph_depth"":1,""graph_k_neighbors"":4,""graph_sigma_scale"":1.0,""native_pair_dim"":64}"	completed	0.2960069444444444	0.2960069444444444	0.3237847222222222	24	results/spatial_search/runs/bcic_2a_cbramod_coords3d_full_seed42_same_layout_2026-05-21-1624	configs/eegfm_bench/generated/spatial_search/stage1_screen/bcic2a/cbramod/stage1_screen_bcic2a_cbramod_coords3d_pair64_graph1_k4_s42.yaml	ss_s1_bcic2a_cbramod_c3_pair64_graph1_k4_s42	3D native bias plus one k-neighborhood graph layer
stage1_screen_bcic2a_cbramod_coords3d_geodesic_rbf_pair64_graph1_k4_s42	stage1_screen	bcic_2a	bcic2a	cbramod	coords3d_geodesic_rbf	42	42	coords3d_geodesic_rbf_pair64_graph1_k4	"{""graph_depth"":1,""graph_k_neighbors"":4,""graph_sigma_scale"":1.0,""native_pair_dim"":64,""spatial_embedding_kwargs"":{""anchor_mode"":""axes"",""n_rbf"":6}}"	completed	0.3064236111111111	0.3064236111111111	0.3298611111111111	32	results/spatial_search/runs/bcic_2a_cbramod_coords3d_geodesic_rbf_full_seed42_same_layout_2026-05-17-0701	configs/eegfm_bench/generated/spatial_search/stage1_screen/bcic2a/cbramod/stage1_screen_bcic2a_cbramod_coords3d_geodesic_rbf_pair64_graph1_k4_s42.yaml	ss_s1_bcic2a_cbramod_c3_geodesic_rbf_pair64_graph1_k4_s42	Geodesic RBF native bias plus one k-neighborhood graph layer
stage1_screen_motor_mv_img_biot_coords3d_gain0p10_s42	stage1_screen	motor_mv_img	motor_mv_img	biot	coords3d	42	42	coords3d_gain0p10	"{""spatial_init_gain"":0.1}"	completed	0.3253140932050028	0.3254094030639197	0.35921153457285465	20	results/spatial_search/runs/stage1_screen_motor_mv_img_biot_coords3d_gain0p10_s42_2026-05-21-1628	configs/eegfm_bench/generated/spatial_search/stage1_screen/motor_mv_img/biot/stage1_screen_motor_mv_img_biot_coords3d_gain0p10_s42.yaml	ss_s1_motor_mv_img_biot_c3_gain0p10_s42	BIOT 3D coordinate token residual
stage1_screen_motor_mv_img_biot_coords3d_rbf_axes_n6_gain0p10_s42	stage1_screen	motor_mv_img	motor_mv_img	biot	coords3d_rbf	42	42	coords3d_rbf_axes_n6_gain0p10	"{""spatial_embedding_kwargs"":{""anchor_mode"":""axes"",""n_rbf"":6},""spatial_init_gain"":0.1}"	completed	0.2819711917823106	0.28156365557316426	0.2825241323527847	26	results/spatial_search/runs/motor_mv_img_biot_coords3d_rbf_full_seed42_same_layout_2026-05-17-0702	configs/eegfm_bench/generated/spatial_search/stage1_screen/motor_mv_img/biot/stage1_screen_motor_mv_img_biot_coords3d_rbf_axes_n6_gain0p10_s42.yaml	ss_s1_motor_mv_img_biot_c3_rbf_axes_n6_gain0p10_s42	BIOT Euclidean anchor-RBF coordinate token residual
stage1_screen_motor_mv_img_biot_coords3d_geodesic_rbf_axes_n6_gain0p10_s42	stage1_screen	motor_mv_img	motor_mv_img	biot	coords3d_geodesic_rbf	42	42	coords3d_geodesic_rbf_axes_n6_gain0p10	"{""spatial_embedding_kwargs"":{""anchor_mode"":""axes"",""n_rbf"":6},""spatial_init_gain"":0.1}"	completed	0.28144376562197304	0.2810353935552034	0.2825241323527847	26	results/spatial_search/runs/motor_mv_img_biot_coords3d_geodesic_rbf_full_seed42_same_layout_2026-05-17-0711	configs/eegfm_bench/generated/spatial_search/stage1_screen/motor_mv_img/biot/stage1_screen_motor_mv_img_biot_coords3d_geodesic_rbf_axes_n6_gain0p10_s42.yaml	ss_s1_motor_mv_img_biot_c3_geodesic_rbf_axes_n6_gain0p10_s42	BIOT spherical geodesic anchor-RBF token residual
stage1_screen_motor_mv_img_biot_coords3d_reference_gain0p10_s42	stage1_screen	motor_mv_img	motor_mv_img	biot	coords3d_reference	42	42	coords3d_reference_gain0p10	"{""spatial_init_gain"":0.1}"	completed	0.28609806228471796	0.28578975171685156	0.2929766073158012	16	results/spatial_search/runs/motor_mv_img_biot_coords3d_reference_full_seed42_same_layout_2026-05-17-0712	configs/eegfm_bench/generated/spatial_search/stage1_screen/motor_mv_img/biot/stage1_screen_motor_mv_img_biot_coords3d_reference_gain0p10_s42.yaml	ss_s1_motor_mv_img_biot_c3_reference_gain0p10_s42	BIOT 3D coordinates plus reference metadata
stage1_screen_motor_mv_img_labram_coords3d_residual_s42	stage1_screen	motor_mv_img	motor_mv_img	labram	coords3d	42	42	coords3d_residual	"{""spatial_pos_mode"":""residual""}"	completed	0.616444001871093	0.6164817749603804	0.5623423548067816	19	results/spatial_search/runs/stage1_screen_motor_mv_img_labram_coords3d_residual_s42_2026-05-21-1628	configs/eegfm_bench/generated/spatial_search/stage1_screen/motor_mv_img/labram/stage1_screen_motor_mv_img_labram_coords3d_residual_s42.yaml	ss_s1_motor_mv_img_labram_c3_residual_s42	3D coordinate residual on native positions
stage1_screen_motor_mv_img_labram_coords3d_replace_s42	stage1_screen	motor_mv_img	motor_mv_img	labram	coords3d	42	42	coords3d_replace	"{""spatial_pos_mode"":""replace""}"	completed	0.6043430856970058	0.6043317485472794	0.5681013931311927	19	results/spatial_search/runs/stage1_screen_motor_mv_img_labram_coords3d_replace_s42_2026-05-21-1633	configs/eegfm_bench/generated/spatial_search/stage1_screen/motor_mv_img/labram/stage1_screen_motor_mv_img_labram_coords3d_replace_s42.yaml	ss_s1_motor_mv_img_labram_c3_replace_s42	3D coordinate replacement of native positions
stage1_screen_motor_mv_img_labram_coords3d_rbf_axes_n6_residual_s42	stage1_screen	motor_mv_img	motor_mv_img	labram	coords3d_rbf	42	42	coords3d_rbf_axes_n6_residual	"{""spatial_embedding_kwargs"":{""anchor_mode"":""axes"",""n_rbf"":6},""spatial_pos_mode"":""residual""}"	completed	0.5253093918475154	0.5250924458531432	0.4930503081065548	9	results/spatial_search/runs/motor_mv_img_labram_coords3d_rbf_full_seed42_same_layout_2026-05-17-0742	configs/eegfm_bench/generated/spatial_search/stage1_screen/motor_mv_img/labram/stage1_screen_motor_mv_img_labram_coords3d_rbf_axes_n6_residual_s42.yaml	ss_s1_motor_mv_img_labram_c3_rbf_axes_n6_residual_s42	Euclidean anchor-RBF residual on native positions
stage1_screen_motor_mv_img_labram_coords3d_rbf_axes_n6_replace_s42	stage1_screen	motor_mv_img	motor_mv_img	labram	coords3d_rbf	42	42	coords3d_rbf_axes_n6_replace	"{""spatial_embedding_kwargs"":{""anchor_mode"":""axes"",""n_rbf"":6},""spatial_pos_mode"":""replace""}"	completed	0.5372969793187521	0.5372424722662441	0.49256207362629173	22	results/spatial_search/runs/motor_mv_img_labram_coords3d_rbf_full_seed42_same_layout_2026-05-17-0746	configs/eegfm_bench/generated/spatial_search/stage1_screen/motor_mv_img/labram/stage1_screen_motor_mv_img_labram_coords3d_rbf_axes_n6_replace_s42.yaml	ss_s1_motor_mv_img_labram_c3_rbf_axes_n6_replace_s42	Euclidean anchor-RBF replacement of native positions
stage1_screen_motor_mv_img_labram_coords3d_geodesic_rbf_axes_n6_residual_s42	stage1_screen	motor_mv_img	motor_mv_img	labram	coords3d_geodesic_rbf	42	42	coords3d_geodesic_rbf_axes_n6_residual	"{""spatial_embedding_kwargs"":{""anchor_mode"":""axes"",""n_rbf"":6},""spatial_pos_mode"":""residual""}"	completed	0.5358852254525353	0.5356576862123613	0.48560706037611345	8	results/spatial_search/runs/motor_mv_img_labram_coords3d_geodesic_rbf_full_seed42_same_layout_2026-05-17-0748	configs/eegfm_bench/generated/spatial_search/stage1_screen/motor_mv_img/labram/stage1_screen_motor_mv_img_labram_coords3d_geodesic_rbf_axes_n6_residual_s42.yaml	ss_s1_motor_mv_img_labram_c3_geodesic_rbf_axes_n6_residual_s42	Spherical geodesic anchor-RBF residual positions
stage1_screen_motor_mv_img_labram_coords3d_geodesic_rbf_axes_n6_replace_s42	stage1_screen	motor_mv_img	motor_mv_img	labram	coords3d_geodesic_rbf	42	42	coords3d_geodesic_rbf_axes_n6_replace	"{""spatial_embedding_kwargs"":{""anchor_mode"":""axes"",""n_rbf"":6},""spatial_pos_mode"":""replace""}"	completed	0.565194291276265	0.5652403592181722	0.5000079820350997	12	results/spatial_search/runs/motor_mv_img_labram_coords3d_geodesic_rbf_full_seed42_same_layout_2026-05-17-0819	configs/eegfm_bench/generated/spatial_search/stage1_screen/motor_mv_img/labram/stage1_screen_motor_mv_img_labram_coords3d_geodesic_rbf_axes_n6_replace_s42.yaml	ss_s1_motor_mv_img_labram_c3_geodesic_rbf_axes_n6_replace_s42	Spherical geodesic anchor-RBF replacement positions
stage1_screen_motor_mv_img_labram_coords3d_reference_residual_s42	stage1_screen	motor_mv_img	motor_mv_img	labram	coords3d_reference	42	42	coords3d_reference_residual	"{""spatial_pos_mode"":""residual""}"	completed	0.5273057205361911	0.5272054939249868	0.4844656293568608	9	results/spatial_search/runs/motor_mv_img_labram_coords3d_reference_full_seed42_same_layout_2026-05-17-0819	configs/eegfm_bench/generated/spatial_search/stage1_screen/motor_mv_img/labram/stage1_screen_motor_mv_img_labram_coords3d_reference_residual_s42.yaml	ss_s1_motor_mv_img_labram_c3_reference_residual_s42	3D reference-aware residual positions
stage1_screen_motor_mv_img_labram_coords3d_reference_replace_s42	stage1_screen	motor_mv_img	motor_mv_img	labram	coords3d_reference	42	42	coords3d_reference_replace	"{""spatial_pos_mode"":""replace""}"	completed	0.540465103642489	0.5404120443740095	0.49021136428943923	11	results/spatial_search/runs/motor_mv_img_labram_coords3d_reference_full_seed42_same_layout_2026-05-17-0824	configs/eegfm_bench/generated/spatial_search/stage1_screen/motor_mv_img/labram/stage1_screen_motor_mv_img_labram_coords3d_reference_replace_s42.yaml	ss_s1_motor_mv_img_labram_c3_reference_replace_s42	3D reference-aware replacement positions
stage1_screen_motor_mv_img_cbramod_coords3d_pair32_s42	stage1_screen	motor_mv_img	motor_mv_img	cbramod	coords3d	42	42	coords3d_pair32	"{""graph_depth"":0,""native_pair_dim"":32}"	completed	0.5758688297636091	0.5758055995773904	0.5322966443524441	24	results/spatial_search/runs/stage1_screen_motor_mv_img_cbramod_coords3d_pair32_s42_2026-05-21-1653	configs/eegfm_bench/generated/spatial_search/stage1_screen/motor_mv_img/cbramod/stage1_screen_motor_mv_img_cbramod_coords3d_pair32_s42.yaml	ss_s1_motor_mv_img_cbramod_c3_pair32_s42	3D native bias with small pair projection
stage1_screen_motor_mv_img_cbramod_coords3d_pair64_s42	stage1_screen	motor_mv_img	motor_mv_img	cbramod	coords3d	42	42	coords3d_pair64	"{""graph_depth"":0,""native_pair_dim"":64}"	completed	0.5853973473948809	0.5853143159006867	0.5409292153127361	18	results/spatial_search/runs/stage1_screen_motor_mv_img_cbramod_coords3d_pair64_s42_2026-05-21-1655	configs/eegfm_bench/generated/spatial_search/stage1_screen/motor_mv_img/cbramod/stage1_screen_motor_mv_img_cbramod_coords3d_pair64_s42.yaml	ss_s1_motor_mv_img_cbramod_c3_pair64_s42	3D native bias default pair projection
stage1_screen_motor_mv_img_cbramod_coords3d_reference_pair64_s42	stage1_screen	motor_mv_img	motor_mv_img	cbramod	coords3d_reference	42	42	coords3d_reference_pair64	"{""graph_depth"":0,""native_pair_dim"":64}"	completed	0.5985594946158825	0.5985208663497095	0.5403584998031098	20	results/spatial_search/runs/motor_mv_img_cbramod_coords3d_reference_full_seed42_same_layout_2026-05-17-0852	configs/eegfm_bench/generated/spatial_search/stage1_screen/motor_mv_img/cbramod/stage1_screen_motor_mv_img_cbramod_coords3d_reference_pair64_s42.yaml	ss_s1_motor_mv_img_cbramod_c3_reference_pair64_s42	reference-aware 3D native bias
stage1_screen_motor_mv_img_cbramod_coords3d_reference_pair128_s42	stage1_screen	motor_mv_img	motor_mv_img	cbramod	coords3d_reference	42	42	coords3d_reference_pair128	"{""graph_depth"":0,""native_pair_dim"":128}"	completed	0.5880458181543273	0.5879556259904913	0.5374916188631453	36	results/spatial_search/runs/motor_mv_img_cbramod_coords3d_reference_full_seed42_same_layout_2026-05-17-0855	configs/eegfm_bench/generated/spatial_search/stage1_screen/motor_mv_img/cbramod/stage1_screen_motor_mv_img_cbramod_coords3d_reference_pair128_s42.yaml	ss_s1_motor_mv_img_cbramod_c3_reference_pair128_s42	reference-aware 3D larger pair projection
stage1_screen_motor_mv_img_cbramod_coords3d_distbias_pair64_scale0p02_n8_s42	stage1_screen	motor_mv_img	motor_mv_img	cbramod	coords3d_distbias	42	42	coords3d_distbias_pair64_scale0p02_n8	"{""dist_bias_scale"":0.02,""graph_depth"":0,""native_pair_dim"":64,""spatial_embedding_kwargs"":{""n_rbf"":8}}"	completed	0.5716852830973205	0.5715795034337031	0.529976532816807	17	results/spatial_search/runs/motor_mv_img_cbramod_coords3d_distbias_full_seed42_same_layout_2026-05-17-0901	configs/eegfm_bench/generated/spatial_search/stage1_screen/motor_mv_img/cbramod/stage1_screen_motor_mv_img_cbramod_coords3d_distbias_pair64_scale0p02_n8_s42.yaml	ss_s1_motor_mv_img_cbramod_c3_distbias_pair64_scale0p02_n8_s42	3D native bias plus weak explicit RBF distance bias
stage1_screen_motor_mv_img_cbramod_coords3d_distbias_pair64_scale0p05_n8_s42	stage1_screen	motor_mv_img	motor_mv_img	cbramod	coords3d_distbias	42	42	coords3d_distbias_pair64_scale0p05_n8	"{""dist_bias_scale"":0.05,""graph_depth"":0,""native_pair_dim"":64,""spatial_embedding_kwargs"":{""n_rbf"":8}}"	completed	0.5716852830973205	0.5715795034337031	0.529976532816807	17	results/spatial_search/runs/motor_mv_img_cbramod_coords3d_distbias_full_seed42_same_layout_2026-05-17-0925	configs/eegfm_bench/generated/spatial_search/stage1_screen/motor_mv_img/cbramod/stage1_screen_motor_mv_img_cbramod_coords3d_distbias_pair64_scale0p05_n8_s42.yaml	ss_s1_motor_mv_img_cbramod_c3_distbias_pair64_scale0p05_n8_s42	3D native bias plus default explicit RBF distance bias
stage1_screen_motor_mv_img_cbramod_coords3d_distbias_pair128_scale0p05_n12_s42	stage1_screen	motor_mv_img	motor_mv_img	cbramod	coords3d_distbias	42	42	coords3d_distbias_pair128_scale0p05_n12	"{""dist_bias_scale"":0.05,""graph_depth"":0,""native_pair_dim"":128,""spatial_embedding_kwargs"":{""n_rbf"":12}}"	completed	0.5833895369989747	0.5832012678288431	0.5501577782271367	24	results/spatial_search/runs/motor_mv_img_cbramod_coords3d_distbias_full_seed42_same_layout_2026-05-17-0932	configs/eegfm_bench/generated/spatial_search/stage1_screen/motor_mv_img/cbramod/stage1_screen_motor_mv_img_cbramod_coords3d_distbias_pair128_scale0p05_n12_s42.yaml	ss_s1_motor_mv_img_cbramod_c3_distbias_pair128_scale0p05_n12_s42	3D distance bias with larger pair projection and richer RBF basis
stage1_screen_motor_mv_img_cbramod_coords3d_rbf_axes_n6_pair64_s42	stage1_screen	motor_mv_img	motor_mv_img	cbramod	coords3d_rbf	42	42	coords3d_rbf_axes_n6_pair64	"{""graph_depth"":0,""native_pair_dim"":64,""spatial_embedding_kwargs"":{""anchor_mode"":""axes"",""n_rbf"":6}}"	completed	0.6017892090851962	0.6016904384574749	0.5374809761496792	6	results/spatial_search/runs/motor_mv_img_cbramod_coords3d_rbf_full_seed42_same_layout_2026-05-17-0938	configs/eegfm_bench/generated/spatial_search/stage1_screen/motor_mv_img/cbramod/stage1_screen_motor_mv_img_cbramod_coords3d_rbf_axes_n6_pair64_s42.yaml	ss_s1_motor_mv_img_cbramod_c3_rbf_axes_n6_pair64_s42	Euclidean anchor-RBF native channel-attention bias
stage1_screen_motor_mv_img_cbramod_coords3d_rbf_axesdiag_n4_pair64_s42	stage1_screen	motor_mv_img	motor_mv_img	cbramod	coords3d_rbf	42	42	coords3d_rbf_axesdiag_n4_pair64	"{""graph_depth"":0,""native_pair_dim"":64,""spatial_embedding_kwargs"":{""anchor_mode"":""axes_diagonal"",""n_rbf"":4}}"	completed	0.5780134756498032	0.5779186476492341	0.5397944359893998	22	results/spatial_search/runs/motor_mv_img_cbramod_coords3d_rbf_full_seed42_same_layout_2026-05-17-0959	configs/eegfm_bench/generated/spatial_search/stage1_screen/motor_mv_img/cbramod/stage1_screen_motor_mv_img_cbramod_coords3d_rbf_axesdiag_n4_pair64_s42.yaml	ss_s1_motor_mv_img_cbramod_c3_rbf_axesdiag_n4_pair64_s42	Euclidean anchor-RBF native bias with diagonal anchors
stage1_screen_motor_mv_img_cbramod_coords3d_rbf_axes_n8_pair128_s42	stage1_screen	motor_mv_img	motor_mv_img	cbramod	coords3d_rbf	42	42	coords3d_rbf_axes_n8_pair128	"{""graph_depth"":0,""native_pair_dim"":128,""spatial_embedding_kwargs"":{""anchor_mode"":""axes"",""n_rbf"":8}}"	completed	0.5796785830722779	0.5795034337031167	0.5374570300443801	14	results/spatial_search/runs/motor_mv_img_cbramod_coords3d_rbf_full_seed42_same_layout_2026-05-17-1008	configs/eegfm_bench/generated/spatial_search/stage1_screen/motor_mv_img/cbramod/stage1_screen_motor_mv_img_cbramod_coords3d_rbf_axes_n8_pair128_s42.yaml	ss_s1_motor_mv_img_cbramod_c3_rbf_axes_n8_pair128_s42	Euclidean anchor-RBF larger pair projection
stage1_screen_motor_mv_img_cbramod_coords3d_geodesic_rbf_axes_n6_pair64_s42	stage1_screen	motor_mv_img	motor_mv_img	cbramod	coords3d_geodesic_rbf	42	42	coords3d_geodesic_rbf_axes_n6_pair64	"{""graph_depth"":0,""native_pair_dim"":64,""spatial_embedding_kwargs"":{""anchor_mode"":""axes"",""n_rbf"":6}}"	completed	0.5954241852949098	0.595351294241944	0.5322966443524442	6	results/spatial_search/runs/motor_mv_img_cbramod_coords3d_geodesic_rbf_full_seed42_same_layout_2026-05-17-1014	configs/eegfm_bench/generated/spatial_search/stage1_screen/motor_mv_img/cbramod/stage1_screen_motor_mv_img_cbramod_coords3d_geodesic_rbf_axes_n6_pair64_s42.yaml	ss_s1_motor_mv_img_cbramod_c3_geodesic_rbf_axes_n6_pair64_s42	Spherical geodesic anchor-RBF native bias
stage1_screen_motor_mv_img_cbramod_coords3d_geodesic_rbf_axesdiag_n4_pair64_s42	stage1_screen	motor_mv_img	motor_mv_img	cbramod	coords3d_geodesic_rbf	42	42	coords3d_geodesic_rbf_axesdiag_n4_pair64	"{""graph_depth"":0,""native_pair_dim"":64,""spatial_embedding_kwargs"":{""anchor_mode"":""axes_diagonal"",""n_rbf"":4}}"	completed	0.5864522942152041	0.5863708399366085	0.5432533178659231	27	results/spatial_search/runs/motor_mv_img_cbramod_coords3d_geodesic_rbf_full_seed42_same_layout_2026-05-17-1034	configs/eegfm_bench/generated/spatial_search/stage1_screen/motor_mv_img/cbramod/stage1_screen_motor_mv_img_cbramod_coords3d_geodesic_rbf_axesdiag_n4_pair64_s42.yaml	ss_s1_motor_mv_img_cbramod_c3_geodesic_rbf_axesdiag_n4_pair64_s42	Spherical geodesic anchor-RBF native bias with diagonal anchors
stage1_screen_motor_mv_img_cbramod_coords3d_pair64_graph1_k4_s42	stage1_screen	motor_mv_img	motor_mv_img	cbramod	coords3d	42	42	coords3d_pair64_graph1_k4	"{""graph_depth"":1,""graph_k_neighbors"":4,""graph_sigma_scale"":1.0,""native_pair_dim"":64}"	completed	0.5916860154695923	0.5916534601162177	0.5380769681037878	26	results/spatial_search/runs/stage1_screen_motor_mv_img_cbramod_coords3d_pair64_graph1_k4_s42_2026-05-21-1702	configs/eegfm_bench/generated/spatial_search/stage1_screen/motor_mv_img/cbramod/stage1_screen_motor_mv_img_cbramod_coords3d_pair64_graph1_k4_s42.yaml	ss_s1_motor_mv_img_cbramod_c3_pair64_graph1_k4_s42	3D native bias plus one k-neighborhood graph layer
stage1_screen_motor_mv_img_cbramod_coords3d_geodesic_rbf_pair64_graph1_k4_s42	stage1_screen	motor_mv_img	motor_mv_img	cbramod	coords3d_geodesic_rbf	42	42	coords3d_geodesic_rbf_pair64_graph1_k4	"{""graph_depth"":1,""graph_k_neighbors"":4,""graph_sigma_scale"":1.0,""native_pair_dim"":64,""spatial_embedding_kwargs"":{""anchor_mode"":""axes"",""n_rbf"":6}}"	completed	0.5928139396430749	0.5927099841521395	0.5380556826768552	26	results/spatial_search/runs/motor_mv_img_cbramod_coords3d_geodesic_rbf_full_seed42_same_layout_2026-05-17-1125	configs/eegfm_bench/generated/spatial_search/stage1_screen/motor_mv_img/cbramod/stage1_screen_motor_mv_img_cbramod_coords3d_geodesic_rbf_pair64_graph1_k4_s42.yaml	ss_s1_motor_mv_img_cbramod_c3_geodesic_rbf_pair64_graph1_k4_s42	Geodesic RBF native bias plus one k-neighborhood graph layer
stage1_screen_workload_biot_coords3d_gain0p10_s42	stage1_screen	workload	workload	biot	coords3d	42	42	coords3d_gain0p10	"{""spatial_init_gain"":0.1}"	completed	0.5	0.7272727272727273	0.5222222222222223	1	results/spatial_search/runs/stage1_screen_workload_biot_coords3d_gain0p10_s42_2026-05-21-1722	configs/eegfm_bench/generated/spatial_search/stage1_screen/workload/biot/stage1_screen_workload_biot_coords3d_gain0p10_s42.yaml	ss_s1_workload_biot_c3_gain0p10_s42	BIOT 3D coordinate token residual
stage1_screen_workload_biot_coords3d_rbf_axes_n6_gain0p10_s42	stage1_screen	workload	workload	biot	coords3d_rbf	42	42	coords3d_rbf_axes_n6_gain0p10	"{""spatial_embedding_kwargs"":{""anchor_mode"":""axes"",""n_rbf"":6},""spatial_init_gain"":0.1}"	completed	0.5216666666666666	0.7163636363636363	0.6222222222222222	28	results/spatial_search/runs/workload_biot_coords3d_rbf_full_seed42_same_layout_2026-05-17-1125	configs/eegfm_bench/generated/spatial_search/stage1_screen/workload/biot/stage1_screen_workload_biot_coords3d_rbf_axes_n6_gain0p10_s42.yaml	ss_s1_workload_biot_c3_rbf_axes_n6_gain0p10_s42	BIOT Euclidean anchor-RBF coordinate token residual
stage1_screen_workload_biot_coords3d_geodesic_rbf_axes_n6_gain0p10_s42	stage1_screen	workload	workload	biot	coords3d_geodesic_rbf	42	42	coords3d_geodesic_rbf_axes_n6_gain0p10	"{""spatial_embedding_kwargs"":{""anchor_mode"":""axes"",""n_rbf"":6},""spatial_init_gain"":0.1}"	completed	0.5216666666666666	0.7163636363636363	0.6222222222222222	28	results/spatial_search/runs/workload_biot_coords3d_geodesic_rbf_full_seed42_same_layout_2026-05-17-1050	configs/eegfm_bench/generated/spatial_search/stage1_screen/workload/biot/stage1_screen_workload_biot_coords3d_geodesic_rbf_axes_n6_gain0p10_s42.yaml	ss_s1_workload_biot_c3_geodesic_rbf_axes_n6_gain0p10_s42	BIOT spherical geodesic anchor-RBF token residual
stage1_screen_workload_biot_coords3d_reference_gain0p10_s42	stage1_screen	workload	workload	biot	coords3d_reference	42	42	coords3d_reference_gain0p10	"{""spatial_init_gain"":0.1}"	completed	0.5	0.7272727272727273	0.54	1	results/spatial_search/runs/stage1_screen_workload_biot_coords3d_reference_gain0p10_s42_2026-05-21-1725	configs/eegfm_bench/generated/spatial_search/stage1_screen/workload/biot/stage1_screen_workload_biot_coords3d_reference_gain0p10_s42.yaml	ss_s1_workload_biot_c3_reference_gain0p10_s42	BIOT 3D coordinates plus reference metadata
stage1_screen_workload_labram_coords3d_residual_s42	stage1_screen	workload	workload	labram	coords3d	42	42	coords3d_residual	"{""spatial_pos_mode"":""residual""}"	completed	0.5933333333333334	0.6327272727272727	0.6377777777777778	23	results/spatial_search/runs/stage1_screen_workload_labram_coords3d_residual_s42_2026-05-21-1727	configs/eegfm_bench/generated/spatial_search/stage1_screen/workload/labram/stage1_screen_workload_labram_coords3d_residual_s42.yaml	ss_s1_workload_labram_c3_residual_s42	3D coordinate residual on native positions
stage1_screen_workload_labram_coords3d_replace_s42	stage1_screen	workload	workload	labram	coords3d	42	42	coords3d_replace	"{""spatial_pos_mode"":""replace""}"	completed	0.5841666666666667	0.6618181818181819	0.6311111111111112	24	results/spatial_search/runs/stage1_screen_workload_labram_coords3d_replace_s42_2026-05-21-1728	configs/eegfm_bench/generated/spatial_search/stage1_screen/workload/labram/stage1_screen_workload_labram_coords3d_replace_s42.yaml	ss_s1_workload_labram_c3_replace_s42	3D coordinate replacement of native positions
stage1_screen_workload_labram_coords3d_rbf_axes_n6_residual_s42	stage1_screen	workload	workload	labram	coords3d_rbf	42	42	coords3d_rbf_axes_n6_residual	"{""spatial_embedding_kwargs"":{""anchor_mode"":""axes"",""n_rbf"":6},""spatial_pos_mode"":""residual""}"	completed	0.5733333333333333	0.5854545454545454	0.6222222222222222	16	results/spatial_search/runs/workload_labram_coords3d_rbf_full_seed42_same_layout_2026-05-17-1126	configs/eegfm_bench/generated/spatial_search/stage1_screen/workload/labram/stage1_screen_workload_labram_coords3d_rbf_axes_n6_residual_s42.yaml	ss_s1_workload_labram_c3_rbf_axes_n6_residual_s42	Euclidean anchor-RBF residual on native positions
stage1_screen_workload_labram_coords3d_rbf_axes_n6_replace_s42	stage1_screen	workload	workload	labram	coords3d_rbf	42	42	coords3d_rbf_axes_n6_replace	"{""spatial_embedding_kwargs"":{""anchor_mode"":""axes"",""n_rbf"":6},""spatial_pos_mode"":""replace""}"	completed	0.5308333333333334	0.5418181818181819	0.6355555555555555	13	results/spatial_search/runs/workload_labram_coords3d_rbf_full_seed42_same_layout_2026-05-17-1051	configs/eegfm_bench/generated/spatial_search/stage1_screen/workload/labram/stage1_screen_workload_labram_coords3d_rbf_axes_n6_replace_s42.yaml	ss_s1_workload_labram_c3_rbf_axes_n6_replace_s42	Euclidean anchor-RBF replacement of native positions
stage1_screen_workload_labram_coords3d_geodesic_rbf_axes_n6_residual_s42	stage1_screen	workload	workload	labram	coords3d_geodesic_rbf	42	42	coords3d_geodesic_rbf_axes_n6_residual	"{""spatial_embedding_kwargs"":{""anchor_mode"":""axes"",""n_rbf"":6},""spatial_pos_mode"":""residual""}"	completed	0.5549999999999999	0.6436363636363637	0.6222222222222222	11	results/spatial_search/runs/workload_labram_coords3d_geodesic_rbf_full_seed42_same_layout_2026-05-17-1053	configs/eegfm_bench/generated/spatial_search/stage1_screen/workload/labram/stage1_screen_workload_labram_coords3d_geodesic_rbf_axes_n6_residual_s42.yaml	ss_s1_workload_labram_c3_geodesic_rbf_axes_n6_residual_s42	Spherical geodesic anchor-RBF residual positions
stage1_screen_workload_labram_coords3d_geodesic_rbf_axes_n6_replace_s42	stage1_screen	workload	workload	labram	coords3d_geodesic_rbf	42	42	coords3d_geodesic_rbf_axes_n6_replace	"{""spatial_embedding_kwargs"":{""anchor_mode"":""axes"",""n_rbf"":6},""spatial_pos_mode"":""replace""}"	completed	0.525	0.6545454545454545	0.5933333333333334	33	results/spatial_search/runs/workload_labram_coords3d_geodesic_rbf_full_seed42_same_layout_2026-05-17-1055	configs/eegfm_bench/generated/spatial_search/stage1_screen/workload/labram/stage1_screen_workload_labram_coords3d_geodesic_rbf_axes_n6_replace_s42.yaml	ss_s1_workload_labram_c3_geodesic_rbf_axes_n6_replace_s42	Spherical geodesic anchor-RBF replacement positions
stage1_screen_workload_labram_coords3d_reference_residual_s42	stage1_screen	workload	workload	labram	coords3d_reference	42	42	coords3d_reference_residual	"{""spatial_pos_mode"":""residual""}"	completed	0.5800000000000001	0.6254545454545455	0.6222222222222222	32	results/spatial_search/runs/stage1_screen_workload_labram_coords3d_reference_residual_s42_2026-05-21-1730	configs/eegfm_bench/generated/spatial_search/stage1_screen/workload/labram/stage1_screen_workload_labram_coords3d_reference_residual_s42.yaml	ss_s1_workload_labram_c3_reference_residual_s42	3D reference-aware residual positions
stage1_screen_workload_labram_coords3d_reference_replace_s42	stage1_screen	workload	workload	labram	coords3d_reference	42	42	coords3d_reference_replace	"{""spatial_pos_mode"":""replace""}"	completed	0.595	0.6654545454545454	0.6355555555555555	35	results/spatial_search/runs/stage1_screen_workload_labram_coords3d_reference_replace_s42_2026-05-21-1730	configs/eegfm_bench/generated/spatial_search/stage1_screen/workload/labram/stage1_screen_workload_labram_coords3d_reference_replace_s42.yaml	ss_s1_workload_labram_c3_reference_replace_s42	3D reference-aware replacement positions
stage1_screen_workload_cbramod_coords3d_pair32_s42	stage1_screen	workload	workload	cbramod	coords3d	42	42	coords3d_pair32	"{""graph_depth"":0,""native_pair_dim"":32}"	completed	0.5925	0.5163636363636364	0.7044444444444444	20	results/spatial_search/runs/stage1_screen_workload_cbramod_coords3d_pair32_s42_2026-05-21-1730	configs/eegfm_bench/generated/spatial_search/stage1_screen/workload/cbramod/stage1_screen_workload_cbramod_coords3d_pair32_s42.yaml	ss_s1_workload_cbramod_c3_pair32_s42	3D native bias with small pair projection
stage1_screen_workload_cbramod_coords3d_pair64_s42	stage1_screen	workload	workload	cbramod	coords3d	42	42	coords3d_pair64	"{""graph_depth"":0,""native_pair_dim"":64}"	completed	0.56	0.48727272727272725	0.72	18	results/spatial_search/runs/stage1_screen_workload_cbramod_coords3d_pair64_s42_2026-05-21-1733	configs/eegfm_bench/generated/spatial_search/stage1_screen/workload/cbramod/stage1_screen_workload_cbramod_coords3d_pair64_s42.yaml	ss_s1_workload_cbramod_c3_pair64_s42	3D native bias default pair projection
stage1_screen_workload_cbramod_coords3d_reference_pair64_s42	stage1_screen	workload	workload	cbramod	coords3d_reference	42	42	coords3d_reference_pair64	"{""graph_depth"":0,""native_pair_dim"":64}"	completed	0.58	0.5163636363636364	0.7177777777777777	35	results/spatial_search/runs/stage1_screen_workload_cbramod_coords3d_reference_pair64_s42_2026-05-21-1733	configs/eegfm_bench/generated/spatial_search/stage1_screen/workload/cbramod/stage1_screen_workload_cbramod_coords3d_reference_pair64_s42.yaml	ss_s1_workload_cbramod_c3_reference_pair64_s42	reference-aware 3D native bias
stage1_screen_workload_cbramod_coords3d_reference_pair128_s42	stage1_screen	workload	workload	cbramod	coords3d_reference	42	42	coords3d_reference_pair128	"{""graph_depth"":0,""native_pair_dim"":128}"	completed	0.5549999999999999	0.4618181818181818	0.7066666666666667	44	results/spatial_search/runs/stage1_screen_workload_cbramod_coords3d_reference_pair128_s42_2026-05-21-1733	configs/eegfm_bench/generated/spatial_search/stage1_screen/workload/cbramod/stage1_screen_workload_cbramod_coords3d_reference_pair128_s42.yaml	ss_s1_workload_cbramod_c3_reference_pair128_s42	reference-aware 3D larger pair projection
stage1_screen_workload_cbramod_coords3d_distbias_pair64_scale0p02_n8_s42	stage1_screen	workload	workload	cbramod	coords3d_distbias	42	42	coords3d_distbias_pair64_scale0p02_n8	"{""dist_bias_scale"":0.02,""graph_depth"":0,""native_pair_dim"":64,""spatial_embedding_kwargs"":{""n_rbf"":8}}"	completed	0.5366666666666666	0.44727272727272727	0.7044444444444444	24	results/spatial_search/runs/stage1_screen_workload_cbramod_coords3d_distbias_pair64_scale0p02_n8_s42_2026-05-21-1736	configs/eegfm_bench/generated/spatial_search/stage1_screen/workload/cbramod/stage1_screen_workload_cbramod_coords3d_distbias_pair64_scale0p02_n8_s42.yaml	ss_s1_workload_cbramod_c3_distbias_pair64_scale0p02_n8_s42	3D native bias plus weak explicit RBF distance bias
stage1_screen_workload_cbramod_coords3d_distbias_pair64_scale0p05_n8_s42	stage1_screen	workload	workload	cbramod	coords3d_distbias	42	42	coords3d_distbias_pair64_scale0p05_n8	"{""dist_bias_scale"":0.05,""graph_depth"":0,""native_pair_dim"":64,""spatial_embedding_kwargs"":{""n_rbf"":8}}"	completed	0.5366666666666666	0.44727272727272727	0.7044444444444444	24	results/spatial_search/runs/stage1_screen_workload_cbramod_coords3d_distbias_pair64_scale0p05_n8_s42_2026-05-21-1736	configs/eegfm_bench/generated/spatial_search/stage1_screen/workload/cbramod/stage1_screen_workload_cbramod_coords3d_distbias_pair64_scale0p05_n8_s42.yaml	ss_s1_workload_cbramod_c3_distbias_pair64_scale0p05_n8_s42	3D native bias plus default explicit RBF distance bias
stage1_screen_workload_cbramod_coords3d_distbias_pair128_scale0p05_n12_s42	stage1_screen	workload	workload	cbramod	coords3d_distbias	42	42	coords3d_distbias_pair128_scale0p05_n12	"{""dist_bias_scale"":0.05,""graph_depth"":0,""native_pair_dim"":128,""spatial_embedding_kwargs"":{""n_rbf"":12}}"	completed	0.5291666666666667	0.41818181818181815	0.6933333333333334	33	results/spatial_search/runs/stage1_screen_workload_cbramod_coords3d_distbias_pair128_scale0p05_n12_s42_2026-05-21-1737	configs/eegfm_bench/generated/spatial_search/stage1_screen/workload/cbramod/stage1_screen_workload_cbramod_coords3d_distbias_pair128_scale0p05_n12_s42.yaml	ss_s1_workload_cbramod_c3_distbias_pair128_scale0p05_n12_s42	3D distance bias with larger pair projection and richer RBF basis
stage1_screen_workload_cbramod_coords3d_rbf_axes_n6_pair64_s42	stage1_screen	workload	workload	cbramod	coords3d_rbf	42	42	coords3d_rbf_axes_n6_pair64	"{""graph_depth"":0,""native_pair_dim"":64,""spatial_embedding_kwargs"":{""anchor_mode"":""axes"",""n_rbf"":6}}"	completed	0.5866666666666667	0.52	0.7044444444444444	36	results/spatial_search/runs/workload_cbramod_coords3d_rbf_full_seed42_same_layout_2026-05-17-1128	configs/eegfm_bench/generated/spatial_search/stage1_screen/workload/cbramod/stage1_screen_workload_cbramod_coords3d_rbf_axes_n6_pair64_s42.yaml	ss_s1_workload_cbramod_c3_rbf_axes_n6_pair64_s42	Euclidean anchor-RBF native channel-attention bias
stage1_screen_workload_cbramod_coords3d_rbf_axesdiag_n4_pair64_s42	stage1_screen	workload	workload	cbramod	coords3d_rbf	42	42	coords3d_rbf_axesdiag_n4_pair64	"{""graph_depth"":0,""native_pair_dim"":64,""spatial_embedding_kwargs"":{""anchor_mode"":""axes_diagonal"",""n_rbf"":4}}"	completed	0.5566666666666666	0.4763636363636364	0.72	29	results/spatial_search/runs/workload_cbramod_coords3d_rbf_full_seed42_same_layout_2026-05-17-1057	configs/eegfm_bench/generated/spatial_search/stage1_screen/workload/cbramod/stage1_screen_workload_cbramod_coords3d_rbf_axesdiag_n4_pair64_s42.yaml	ss_s1_workload_cbramod_c3_rbf_axesdiag_n4_pair64_s42	Euclidean anchor-RBF native bias with diagonal anchors
stage1_screen_workload_cbramod_coords3d_rbf_axes_n8_pair128_s42	stage1_screen	workload	workload	cbramod	coords3d_rbf	42	42	coords3d_rbf_axes_n8_pair128	"{""graph_depth"":0,""native_pair_dim"":128,""spatial_embedding_kwargs"":{""anchor_mode"":""axes"",""n_rbf"":8}}"	completed	0.5225	0.43272727272727274	0.7133333333333334	34	results/spatial_search/runs/workload_cbramod_coords3d_rbf_full_seed42_same_layout_2026-05-17-1058	configs/eegfm_bench/generated/spatial_search/stage1_screen/workload/cbramod/stage1_screen_workload_cbramod_coords3d_rbf_axes_n8_pair128_s42.yaml	ss_s1_workload_cbramod_c3_rbf_axes_n8_pair128_s42	Euclidean anchor-RBF larger pair projection
stage1_screen_workload_cbramod_coords3d_geodesic_rbf_axes_n6_pair64_s42	stage1_screen	workload	workload	cbramod	coords3d_geodesic_rbf	42	42	coords3d_geodesic_rbf_axes_n6_pair64	"{""graph_depth"":0,""native_pair_dim"":64,""spatial_embedding_kwargs"":{""anchor_mode"":""axes"",""n_rbf"":6}}"	completed	0.575	0.509090909090909	0.7155555555555555	36	results/spatial_search/runs/workload_cbramod_coords3d_geodesic_rbf_full_seed42_same_layout_2026-05-17-1100	configs/eegfm_bench/generated/spatial_search/stage1_screen/workload/cbramod/stage1_screen_workload_cbramod_coords3d_geodesic_rbf_axes_n6_pair64_s42.yaml	ss_s1_workload_cbramod_c3_geodesic_rbf_axes_n6_pair64_s42	Spherical geodesic anchor-RBF native bias
stage1_screen_workload_cbramod_coords3d_geodesic_rbf_axesdiag_n4_pair64_s42	stage1_screen	workload	workload	cbramod	coords3d_geodesic_rbf	42	42	coords3d_geodesic_rbf_axesdiag_n4_pair64	"{""graph_depth"":0,""native_pair_dim"":64,""spatial_embedding_kwargs"":{""anchor_mode"":""axes_diagonal"",""n_rbf"":4}}"	completed	0.5591666666666666	0.48	0.7177777777777778	26	results/spatial_search/runs/workload_cbramod_coords3d_geodesic_rbf_full_seed42_same_layout_2026-05-17-1101	configs/eegfm_bench/generated/spatial_search/stage1_screen/workload/cbramod/stage1_screen_workload_cbramod_coords3d_geodesic_rbf_axesdiag_n4_pair64_s42.yaml	ss_s1_workload_cbramod_c3_geodesic_rbf_axesdiag_n4_pair64_s42	Spherical geodesic anchor-RBF native bias with diagonal anchors
stage1_screen_workload_cbramod_coords3d_pair64_graph1_k4_s42	stage1_screen	workload	workload	cbramod	coords3d	42	42	coords3d_pair64_graph1_k4	"{""graph_depth"":1,""graph_k_neighbors"":4,""graph_sigma_scale"":1.0,""native_pair_dim"":64}"	completed	0.5491666666666666	0.46545454545454545	0.6933333333333334	28	results/spatial_search/runs/stage1_screen_workload_cbramod_coords3d_pair64_graph1_k4_s42_2026-05-21-1739	configs/eegfm_bench/generated/spatial_search/stage1_screen/workload/cbramod/stage1_screen_workload_cbramod_coords3d_pair64_graph1_k4_s42.yaml	ss_s1_workload_cbramod_c3_pair64_graph1_k4_s42	3D native bias plus one k-neighborhood graph layer
stage1_screen_workload_cbramod_coords3d_geodesic_rbf_pair64_graph1_k4_s42	stage1_screen	workload	workload	cbramod	coords3d_geodesic_rbf	42	42	coords3d_geodesic_rbf_pair64_graph1_k4	"{""graph_depth"":1,""graph_k_neighbors"":4,""graph_sigma_scale"":1.0,""native_pair_dim"":64,""spatial_embedding_kwargs"":{""anchor_mode"":""axes"",""n_rbf"":6}}"	completed	0.5650000000000001	0.4581818181818182	0.7044444444444444	19	results/spatial_search/runs/workload_cbramod_coords3d_geodesic_rbf_full_seed42_same_layout_2026-05-17-1130	configs/eegfm_bench/generated/spatial_search/stage1_screen/workload/cbramod/stage1_screen_workload_cbramod_coords3d_geodesic_rbf_pair64_graph1_k4_s42.yaml	ss_s1_workload_cbramod_c3_geodesic_rbf_pair64_graph1_k4_s42	Geodesic RBF native bias plus one k-neighborhood graph layer
stage2_promote_bcic2a_biot_coords3d_geodesic_rbf_axes_n6_gain0p10_s43	stage2_promote	bcic_2a	bcic2a	biot	coords3d_geodesic_rbf	43	43	coords3d_geodesic_rbf_axes_n6_gain0p10	"{""spatial_embedding_kwargs"":{""anchor_mode"":""axes"",""n_rbf"":6},""spatial_init_gain"":0.1}"	completed	0.2951388888888889	0.2951388888888889	0.3185763888888889	3	results/spatial_search/runs/bcic_2a_biot_coords3d_geodesic_rbf_full_seed43_same_layout_2026-05-17-1016	results/spatial_search/runs/bcic_2a_biot_coords3d_geodesic_rbf_full_seed43_same_layout_2026-05-17-1016/config_resolved.yaml	stage2_promote_bcic2a_biot_coords3d_geodesic_rbf_axes_n6_gain0p10_s43	completed_not_in_manifest; promoted_from=stage1_screen_bcic2a_biot_coords3d_geodesic_rbf_axes_n6_gain0p10_s42
stage2_promote_bcic2a_biot_coords3d_geodesic_rbf_axes_n6_gain0p10_s44	stage2_promote	bcic_2a	bcic2a	biot	coords3d_geodesic_rbf	44	44	coords3d_geodesic_rbf_axes_n6_gain0p10	"{""spatial_embedding_kwargs"":{""anchor_mode"":""axes"",""n_rbf"":6},""spatial_init_gain"":0.1}"	completed	0.24739583333333331	0.24739583333333334	0.3046875	3	results/spatial_search/runs/bcic_2a_biot_coords3d_geodesic_rbf_full_seed44_same_layout_2026-05-17-1026	results/spatial_search/runs/bcic_2a_biot_coords3d_geodesic_rbf_full_seed44_same_layout_2026-05-17-1026/config_resolved.yaml	stage2_promote_bcic2a_biot_coords3d_geodesic_rbf_axes_n6_gain0p10_s44	completed_not_in_manifest; promoted_from=stage1_screen_bcic2a_biot_coords3d_geodesic_rbf_axes_n6_gain0p10_s42
stage2_promote_bcic2a_biot_coords3d_geodesic_rbf_axes_n6_gain0p10_s45	stage2_promote	bcic_2a	bcic2a	biot	coords3d_geodesic_rbf	45	45	coords3d_geodesic_rbf_axes_n6_gain0p10	"{""spatial_embedding_kwargs"":{""anchor_mode"":""axes"",""n_rbf"":6},""spatial_init_gain"":0.1}"	completed	0.2855902777777778	0.2855902777777778	0.3003472222222222	5	results/spatial_search/runs/bcic_2a_biot_coords3d_geodesic_rbf_full_seed45_same_layout_2026-05-17-1036	results/spatial_search/runs/bcic_2a_biot_coords3d_geodesic_rbf_full_seed45_same_layout_2026-05-17-1036/config_resolved.yaml	stage2_promote_bcic2a_biot_coords3d_geodesic_rbf_axes_n6_gain0p10_s45	completed_not_in_manifest; promoted_from=stage1_screen_bcic2a_biot_coords3d_geodesic_rbf_axes_n6_gain0p10_s42
stage2_promote_bcic2a_biot_coords3d_geodesic_rbf_axes_n6_gain0p10_s46	stage2_promote	bcic_2a	bcic2a	biot	coords3d_geodesic_rbf	46	46	coords3d_geodesic_rbf_axes_n6_gain0p10	"{""spatial_embedding_kwargs"":{""anchor_mode"":""axes"",""n_rbf"":6},""spatial_init_gain"":0.1}"	completed	0.2760416666666667	0.2760416666666667	0.3012152777777778	43	results/spatial_search/runs/bcic_2a_biot_coords3d_geodesic_rbf_full_seed46_same_layout_2026-05-17-1045	results/spatial_search/runs/bcic_2a_biot_coords3d_geodesic_rbf_full_seed46_same_layout_2026-05-17-1045/config_resolved.yaml	stage2_promote_bcic2a_biot_coords3d_geodesic_rbf_axes_n6_gain0p10_s46	completed_not_in_manifest; promoted_from=stage1_screen_bcic2a_biot_coords3d_geodesic_rbf_axes_n6_gain0p10_s42
stage2_promote_bcic2a_cbramod_coords3d_geodesic_rbf_axesdiag_n4_pair64_s43	stage2_promote	bcic_2a	bcic2a	cbramod	coords3d_geodesic_rbf	43	43	coords3d_geodesic_rbf_axesdiag_n4_pair64	"{""graph_depth"":0,""native_pair_dim"":64,""spatial_embedding_kwargs"":{""anchor_mode"":""axes_diagonal"",""n_rbf"":4}}"	completed	0.3107638888888889	0.3107638888888889	0.2986111111111111	27	results/spatial_search/runs/bcic_2a_cbramod_coords3d_geodesic_rbf_full_seed43_same_layout_2026-05-17-1015	results/spatial_search/runs/bcic_2a_cbramod_coords3d_geodesic_rbf_full_seed43_same_layout_2026-05-17-1015/config_resolved.yaml	stage2_promote_bcic2a_cbramod_coords3d_geodesic_rbf_axesdiag_n4_pair64_s43	completed_not_in_manifest; promoted_from=stage1_screen_bcic2a_cbramod_coords3d_geodesic_rbf_axesdiag_n4_pair64_s42
stage2_promote_bcic2a_cbramod_coords3d_geodesic_rbf_axesdiag_n4_pair64_s44	stage2_promote	bcic_2a	bcic2a	cbramod	coords3d_geodesic_rbf	44	44	coords3d_geodesic_rbf_axesdiag_n4_pair64	"{""graph_depth"":0,""native_pair_dim"":64,""spatial_embedding_kwargs"":{""anchor_mode"":""axes_diagonal"",""n_rbf"":4}}"	completed	0.2743055555555556	0.2743055555555556	0.3263888888888889	23	results/spatial_search/runs/bcic_2a_cbramod_coords3d_geodesic_rbf_full_seed44_same_layout_2026-05-17-1023	results/spatial_search/runs/bcic_2a_cbramod_coords3d_geodesic_rbf_full_seed44_same_layout_2026-05-17-1023/config_resolved.yaml	stage2_promote_bcic2a_cbramod_coords3d_geodesic_rbf_axesdiag_n4_pair64_s44	completed_not_in_manifest; promoted_from=stage1_screen_bcic2a_cbramod_coords3d_geodesic_rbf_axesdiag_n4_pair64_s42
stage2_promote_bcic2a_cbramod_coords3d_geodesic_rbf_axesdiag_n4_pair64_s45	stage2_promote	bcic_2a	bcic2a	cbramod	coords3d_geodesic_rbf	45	45	coords3d_geodesic_rbf_axesdiag_n4_pair64	"{""graph_depth"":0,""native_pair_dim"":64,""spatial_embedding_kwargs"":{""anchor_mode"":""axes_diagonal"",""n_rbf"":4}}"	completed	0.2951388888888889	0.2951388888888889	0.3246527777777778	28	results/spatial_search/runs/bcic_2a_cbramod_coords3d_geodesic_rbf_full_seed45_same_layout_2026-05-17-1031	results/spatial_search/runs/bcic_2a_cbramod_coords3d_geodesic_rbf_full_seed45_same_layout_2026-05-17-1031/config_resolved.yaml	stage2_promote_bcic2a_cbramod_coords3d_geodesic_rbf_axesdiag_n4_pair64_s45	completed_not_in_manifest; promoted_from=stage1_screen_bcic2a_cbramod_coords3d_geodesic_rbf_axesdiag_n4_pair64_s42
stage2_promote_bcic2a_cbramod_coords3d_geodesic_rbf_axesdiag_n4_pair64_s46	stage2_promote	bcic_2a	bcic2a	cbramod	coords3d_geodesic_rbf	46	46	coords3d_geodesic_rbf_axesdiag_n4_pair64	"{""graph_depth"":0,""native_pair_dim"":64,""spatial_embedding_kwargs"":{""anchor_mode"":""axes_diagonal"",""n_rbf"":4}}"	completed	0.3133680555555556	0.3133680555555556	0.34375	37	results/spatial_search/runs/bcic_2a_cbramod_coords3d_geodesic_rbf_full_seed46_same_layout_2026-05-17-1038	results/spatial_search/runs/bcic_2a_cbramod_coords3d_geodesic_rbf_full_seed46_same_layout_2026-05-17-1038/config_resolved.yaml	stage2_promote_bcic2a_cbramod_coords3d_geodesic_rbf_axesdiag_n4_pair64_s46	completed_not_in_manifest; promoted_from=stage1_screen_bcic2a_cbramod_coords3d_geodesic_rbf_axesdiag_n4_pair64_s42
stage2_promote_bcic2a_labram_coords3d_rbf_axes_n6_residual_s43	stage2_promote	bcic_2a	bcic2a	labram	coords3d_rbf	43	43	coords3d_rbf_axes_n6_residual	"{""spatial_embedding_kwargs"":{""anchor_mode"":""axes"",""n_rbf"":6},""spatial_pos_mode"":""residual""}"	completed	0.2803819444444445	0.2803819444444444	0.3020833333333333	12	results/spatial_search/runs/bcic_2a_labram_coords3d_rbf_full_seed43_same_layout_2026-05-17-1015	results/spatial_search/runs/bcic_2a_labram_coords3d_rbf_full_seed43_same_layout_2026-05-17-1015/config_resolved.yaml	stage2_promote_bcic2a_labram_coords3d_rbf_axes_n6_residual_s43	completed_not_in_manifest; promoted_from=stage1_screen_bcic2a_labram_coords3d_rbf_axes_n6_residual_s42
stage2_promote_bcic2a_labram_coords3d_rbf_axes_n6_residual_s44	stage2_promote	bcic_2a	bcic2a	labram	coords3d_rbf	44	44	coords3d_rbf_axes_n6_residual	"{""spatial_embedding_kwargs"":{""anchor_mode"":""axes"",""n_rbf"":6},""spatial_pos_mode"":""residual""}"	completed	0.28125	0.28125	0.2907986111111111	6	results/spatial_search/runs/bcic_2a_labram_coords3d_rbf_full_seed44_same_layout_2026-05-17-1019	results/spatial_search/runs/bcic_2a_labram_coords3d_rbf_full_seed44_same_layout_2026-05-17-1019/config_resolved.yaml	stage2_promote_bcic2a_labram_coords3d_rbf_axes_n6_residual_s44	completed_not_in_manifest; promoted_from=stage1_screen_bcic2a_labram_coords3d_rbf_axes_n6_residual_s42
stage2_promote_bcic2a_labram_coords3d_rbf_axes_n6_residual_s45	stage2_promote	bcic_2a	bcic2a	labram	coords3d_rbf	45	45	coords3d_rbf_axes_n6_residual	"{""spatial_embedding_kwargs"":{""anchor_mode"":""axes"",""n_rbf"":6},""spatial_pos_mode"":""residual""}"	completed	0.2612847222222222	0.2612847222222222	0.2803819444444445	4	results/spatial_search/runs/bcic_2a_labram_coords3d_rbf_full_seed45_same_layout_2026-05-17-1023	results/spatial_search/runs/bcic_2a_labram_coords3d_rbf_full_seed45_same_layout_2026-05-17-1023/config_resolved.yaml	stage2_promote_bcic2a_labram_coords3d_rbf_axes_n6_residual_s45	completed_not_in_manifest; promoted_from=stage1_screen_bcic2a_labram_coords3d_rbf_axes_n6_residual_s42
stage2_promote_bcic2a_labram_coords3d_rbf_axes_n6_residual_s46	stage2_promote	bcic_2a	bcic2a	labram	coords3d_rbf	46	46	coords3d_rbf_axes_n6_residual	"{""spatial_embedding_kwargs"":{""anchor_mode"":""axes"",""n_rbf"":6},""spatial_pos_mode"":""residual""}"	completed	0.2769097222222222	0.2769097222222222	0.31597222222222227	11	results/spatial_search/runs/bcic_2a_labram_coords3d_rbf_full_seed46_same_layout_2026-05-17-1027	results/spatial_search/runs/bcic_2a_labram_coords3d_rbf_full_seed46_same_layout_2026-05-17-1027/config_resolved.yaml	stage2_promote_bcic2a_labram_coords3d_rbf_axes_n6_residual_s46	completed_not_in_manifest; promoted_from=stage1_screen_bcic2a_labram_coords3d_rbf_axes_n6_residual_s42
stage2_promote_motor_mv_img_biot_coords3d_rbf_axes_n6_gain0p10_s43	stage2_promote	motor_mv_img	motor_mv_img	biot	coords3d_rbf	43	43	coords3d_rbf_axes_n6_gain0p10	"{""spatial_embedding_kwargs"":{""anchor_mode"":""axes"",""n_rbf"":6},""spatial_init_gain"":0.1}"	completed	0.2742194092827004	0.27469624933967246	0.2953978246293675	23	results/spatial_search/runs/motor_mv_img_biot_coords3d_rbf_full_seed43_same_layout_2026-05-17-1015	results/spatial_search/runs/motor_mv_img_biot_coords3d_rbf_full_seed43_same_layout_2026-05-17-1015/config_resolved.yaml	stage2_promote_motor_mv_img_biot_coords3d_rbf_axes_n6_gain0p10_s43	completed_not_in_manifest; promoted_from=stage1_screen_motor_mv_img_biot_coords3d_rbf_axes_n6_gain0p10_s42
stage2_promote_motor_mv_img_biot_coords3d_rbf_axes_n6_gain0p10_s44	stage2_promote	motor_mv_img	motor_mv_img	biot	coords3d_rbf	44	44	coords3d_rbf_axes_n6_gain0p10	"{""spatial_embedding_kwargs"":{""anchor_mode"":""axes"",""n_rbf"":6},""spatial_init_gain"":0.1}"	completed	0.2636764851800927	0.26413100898045433	0.29186045274103084	31	results/spatial_search/runs/motor_mv_img_biot_coords3d_rbf_full_seed44_same_layout_2026-05-17-1032	results/spatial_search/runs/motor_mv_img_biot_coords3d_rbf_full_seed44_same_layout_2026-05-17-1032/config_resolved.yaml	stage2_promote_motor_mv_img_biot_coords3d_rbf_axes_n6_gain0p10_s44	completed_not_in_manifest; promoted_from=stage1_screen_motor_mv_img_biot_coords3d_rbf_axes_n6_gain0p10_s42
stage2_promote_motor_mv_img_biot_coords3d_rbf_axes_n6_gain0p10_s45	stage2_promote	motor_mv_img	motor_mv_img	biot	coords3d_rbf	45	45	coords3d_rbf_axes_n6_gain0p10	"{""spatial_embedding_kwargs"":{""anchor_mode"":""axes"",""n_rbf"":6},""spatial_init_gain"":0.1}"	completed	0.278378267915952	0.27839408346539884	0.2947619224997605	14	results/spatial_search/runs/motor_mv_img_biot_coords3d_rbf_full_seed45_same_layout_2026-05-17-1049	results/spatial_search/runs/motor_mv_img_biot_coords3d_rbf_full_seed45_same_layout_2026-05-17-1049/config_resolved.yaml	stage2_promote_motor_mv_img_biot_coords3d_rbf_axes_n6_gain0p10_s45	completed_not_in_manifest; promoted_from=stage1_screen_motor_mv_img_biot_coords3d_rbf_axes_n6_gain0p10_s42
stage2_promote_motor_mv_img_biot_coords3d_rbf_axes_n6_gain0p10_s46	stage2_promote	motor_mv_img	motor_mv_img	biot	coords3d_rbf	46	46	coords3d_rbf_axes_n6_gain0p10	"{""spatial_embedding_kwargs"":{""anchor_mode"":""axes"",""n_rbf"":6},""spatial_init_gain"":0.1}"	completed	0.2888980396048025	0.2884310618066561	0.2946661380785645	29	results/spatial_search/runs/motor_mv_img_biot_coords3d_rbf_full_seed46_same_layout_2026-05-17-1106	results/spatial_search/runs/motor_mv_img_biot_coords3d_rbf_full_seed46_same_layout_2026-05-17-1106/config_resolved.yaml	stage2_promote_motor_mv_img_biot_coords3d_rbf_axes_n6_gain0p10_s46	completed_not_in_manifest; promoted_from=stage1_screen_motor_mv_img_biot_coords3d_rbf_axes_n6_gain0p10_s42
stage2_promote_motor_mv_img_cbramod_coords3d_rbf_axes_n6_pair64_s43	stage2_promote	motor_mv_img	motor_mv_img	cbramod	coords3d_rbf	43	43	coords3d_rbf_axes_n6_pair64	"{""graph_depth"":0,""native_pair_dim"":64,""spatial_embedding_kwargs"":{""anchor_mode"":""axes"",""n_rbf"":6}}"	completed	0.5922180721126813	0.5921817221341785	0.5357408924979513	17	results/spatial_search/runs/motor_mv_img_cbramod_coords3d_rbf_full_seed43_same_layout_2026-05-17-1201	results/spatial_search/runs/motor_mv_img_cbramod_coords3d_rbf_full_seed43_same_layout_2026-05-17-1201/config_resolved.yaml	stage2_promote_motor_mv_img_cbramod_coords3d_rbf_axes_n6_pair64_s43	completed_not_in_manifest; promoted_from=stage1_screen_motor_mv_img_cbramod_coords3d_rbf_axes_n6_pair64_s42
stage2_promote_motor_mv_img_cbramod_coords3d_rbf_axes_n6_pair64_s44	stage2_promote	motor_mv_img	motor_mv_img	cbramod	coords3d_rbf	44	44	coords3d_rbf_axes_n6_pair64	"{""graph_depth"":0,""native_pair_dim"":64,""spatial_embedding_kwargs"":{""anchor_mode"":""axes"",""n_rbf"":6}}"	completed	0.5790952131203311	0.5789751716851559	0.5340260852907057	43	results/spatial_search/runs/motor_mv_img_cbramod_coords3d_rbf_full_seed44_same_layout_2026-05-17-1234	results/spatial_search/runs/motor_mv_img_cbramod_coords3d_rbf_full_seed44_same_layout_2026-05-17-1234/config_resolved.yaml	stage2_promote_motor_mv_img_cbramod_coords3d_rbf_axes_n6_pair64_s44	completed_not_in_manifest; promoted_from=stage1_screen_motor_mv_img_cbramod_coords3d_rbf_axes_n6_pair64_s42
stage2_promote_motor_mv_img_cbramod_coords3d_rbf_axes_n6_pair64_s45	stage2_promote	motor_mv_img	motor_mv_img	cbramod	coords3d_rbf	45	45	coords3d_rbf_axes_n6_pair64	"{""graph_depth"":0,""native_pair_dim"":64,""spatial_embedding_kwargs"":{""anchor_mode"":""axes"",""n_rbf"":6}}"	completed	0.5959740551216447	0.595879556259905	0.5397877842934835	43	results/spatial_search/runs/motor_mv_img_cbramod_coords3d_rbf_full_seed45_same_layout_2026-05-17-1307	results/spatial_search/runs/motor_mv_img_cbramod_coords3d_rbf_full_seed45_same_layout_2026-05-17-1307/config_resolved.yaml	stage2_promote_motor_mv_img_cbramod_coords3d_rbf_axes_n6_pair64_s45	completed_not_in_manifest; promoted_from=stage1_screen_motor_mv_img_cbramod_coords3d_rbf_axes_n6_pair64_s42
stage2_promote_motor_mv_img_cbramod_coords3d_rbf_axes_n6_pair64_s46	stage2_promote	motor_mv_img	motor_mv_img	cbramod	coords3d_rbf	46	46	coords3d_rbf_axes_n6_pair64	"{""graph_depth"":0,""native_pair_dim"":64,""spatial_embedding_kwargs"":{""anchor_mode"":""axes"",""n_rbf"":6}}"	completed	0.570693131293086	0.5705229793977813	0.5328553868094209	11	results/spatial_search/runs/motor_mv_img_cbramod_coords3d_rbf_full_seed46_same_layout_2026-05-17-1339	results/spatial_search/runs/motor_mv_img_cbramod_coords3d_rbf_full_seed46_same_layout_2026-05-17-1339/config_resolved.yaml	stage2_promote_motor_mv_img_cbramod_coords3d_rbf_axes_n6_pair64_s46	completed_not_in_manifest; promoted_from=stage1_screen_motor_mv_img_cbramod_coords3d_rbf_axes_n6_pair64_s42
stage2_promote_motor_mv_img_labram_coords3d_geodesic_rbf_axes_n6_replace_s43	stage2_promote	motor_mv_img	motor_mv_img	labram	coords3d_geodesic_rbf	43	43	coords3d_geodesic_rbf_axes_n6_replace	"{""spatial_embedding_kwargs"":{""anchor_mode"":""axes"",""n_rbf"":6},""spatial_pos_mode"":""replace""}"	completed	0.531731753299219	0.531431590068674	0.5029586743436106	12	results/spatial_search/runs/motor_mv_img_labram_coords3d_geodesic_rbf_full_seed43_same_layout_2026-05-17-1015	results/spatial_search/runs/motor_mv_img_labram_coords3d_geodesic_rbf_full_seed43_same_layout_2026-05-17-1015/config_resolved.yaml	stage2_promote_motor_mv_img_labram_coords3d_geodesic_rbf_axes_n6_replace_s43	completed_not_in_manifest; promoted_from=stage1_screen_motor_mv_img_labram_coords3d_geodesic_rbf_axes_n6_replace_s42
stage2_promote_motor_mv_img_labram_coords3d_geodesic_rbf_axes_n6_replace_s44	stage2_promote	motor_mv_img	motor_mv_img	labram	coords3d_geodesic_rbf	44	44	coords3d_geodesic_rbf_axes_n6_replace	"{""spatial_embedding_kwargs"":{""anchor_mode"":""axes"",""n_rbf"":6},""spatial_pos_mode"":""replace""}"	completed	0.5620671325499312	0.5620707871104068	0.5115500047892211	14	results/spatial_search/runs/motor_mv_img_labram_coords3d_geodesic_rbf_full_seed44_same_layout_2026-05-17-1038	results/spatial_search/runs/motor_mv_img_labram_coords3d_geodesic_rbf_full_seed44_same_layout_2026-05-17-1038/config_resolved.yaml	stage2_promote_motor_mv_img_labram_coords3d_geodesic_rbf_axes_n6_replace_s44	completed_not_in_manifest; promoted_from=stage1_screen_motor_mv_img_labram_coords3d_geodesic_rbf_axes_n6_replace_s42
stage2_promote_motor_mv_img_labram_coords3d_geodesic_rbf_axes_n6_replace_s45	stage2_promote	motor_mv_img	motor_mv_img	labram	coords3d_geodesic_rbf	45	45	coords3d_geodesic_rbf_axes_n6_replace	"{""spatial_embedding_kwargs"":{""anchor_mode"":""axes"",""n_rbf"":6},""spatial_pos_mode"":""replace""}"	completed	0.5357513903260711	0.5356576862123613	0.5018278860378241	17	results/spatial_search/runs/motor_mv_img_labram_coords3d_geodesic_rbf_full_seed45_same_layout_2026-05-17-1102	results/spatial_search/runs/motor_mv_img_labram_coords3d_geodesic_rbf_full_seed45_same_layout_2026-05-17-1102/config_resolved.yaml	stage2_promote_motor_mv_img_labram_coords3d_geodesic_rbf_axes_n6_replace_s45	completed_not_in_manifest; promoted_from=stage1_screen_motor_mv_img_labram_coords3d_geodesic_rbf_axes_n6_replace_s42
stage2_promote_motor_mv_img_labram_coords3d_geodesic_rbf_axes_n6_replace_s46	stage2_promote	motor_mv_img	motor_mv_img	labram	coords3d_geodesic_rbf	46	46	coords3d_geodesic_rbf_axes_n6_replace	"{""spatial_embedding_kwargs"":{""anchor_mode"":""axes"",""n_rbf"":6},""spatial_pos_mode"":""replace""}"	completed	0.56407059596203	0.5641838351822503	0.5139552580325879	15	results/spatial_search/runs/motor_mv_img_labram_coords3d_geodesic_rbf_full_seed46_same_layout_2026-05-17-1126	results/spatial_search/runs/motor_mv_img_labram_coords3d_geodesic_rbf_full_seed46_same_layout_2026-05-17-1126/config_resolved.yaml	stage2_promote_motor_mv_img_labram_coords3d_geodesic_rbf_axes_n6_replace_s46	completed_not_in_manifest; promoted_from=stage1_screen_motor_mv_img_labram_coords3d_geodesic_rbf_axes_n6_replace_s42
stage2_promote_workload_biot_coords3d_rbf_axes_n6_gain0p10_s43	stage2_promote	workload	workload	biot	coords3d_rbf	43	43	coords3d_rbf_axes_n6_gain0p10	"{""spatial_embedding_kwargs"":{""anchor_mode"":""axes"",""n_rbf"":6},""spatial_init_gain"":0.1}"	completed	0.5291666666666667	0.7272727272727273	0.62	22	results/spatial_search/runs/workload_biot_coords3d_rbf_full_seed43_same_layout_2026-05-17-1131	results/spatial_search/runs/workload_biot_coords3d_rbf_full_seed43_same_layout_2026-05-17-1131/config_resolved.yaml	stage2_promote_workload_biot_coords3d_rbf_axes_n6_gain0p10_s43	completed_not_in_manifest; promoted_from=stage1_screen_workload_biot_coords3d_rbf_axes_n6_gain0p10_s42
stage2_promote_workload_biot_coords3d_rbf_axes_n6_gain0p10_s44	stage2_promote	workload	workload	biot	coords3d_rbf	44	44	coords3d_rbf_axes_n6_gain0p10	"{""spatial_embedding_kwargs"":{""anchor_mode"":""axes"",""n_rbf"":6},""spatial_init_gain"":0.1}"	completed	0.5266666666666666	0.7236363636363636	0.6311111111111111	22	results/spatial_search/runs/workload_biot_coords3d_rbf_full_seed44_same_layout_2026-05-17-1133	results/spatial_search/runs/workload_biot_coords3d_rbf_full_seed44_same_layout_2026-05-17-1133/config_resolved.yaml	stage2_promote_workload_biot_coords3d_rbf_axes_n6_gain0p10_s44	completed_not_in_manifest; promoted_from=stage1_screen_workload_biot_coords3d_rbf_axes_n6_gain0p10_s42
stage2_promote_workload_biot_coords3d_rbf_axes_n6_gain0p10_s45	stage2_promote	workload	workload	biot	coords3d_rbf	45	45	coords3d_rbf_axes_n6_gain0p10	"{""spatial_embedding_kwargs"":{""anchor_mode"":""axes"",""n_rbf"":6},""spatial_init_gain"":0.1}"	completed	0.5333333333333333	0.7272727272727273	0.6133333333333333	22	results/spatial_search/runs/workload_biot_coords3d_rbf_full_seed45_same_layout_2026-05-17-1136	results/spatial_search/runs/workload_biot_coords3d_rbf_full_seed45_same_layout_2026-05-17-1136/config_resolved.yaml	stage2_promote_workload_biot_coords3d_rbf_axes_n6_gain0p10_s45	completed_not_in_manifest; promoted_from=stage1_screen_workload_biot_coords3d_rbf_axes_n6_gain0p10_s42
stage2_promote_workload_biot_coords3d_rbf_axes_n6_gain0p10_s46	stage2_promote	workload	workload	biot	coords3d_rbf	46	46	coords3d_rbf_axes_n6_gain0p10	"{""spatial_embedding_kwargs"":{""anchor_mode"":""axes"",""n_rbf"":6},""spatial_init_gain"":0.1}"	completed	0.5241666666666667	0.72	0.62	14	results/spatial_search/runs/workload_biot_coords3d_rbf_full_seed46_same_layout_2026-05-17-1138	results/spatial_search/runs/workload_biot_coords3d_rbf_full_seed46_same_layout_2026-05-17-1138/config_resolved.yaml	stage2_promote_workload_biot_coords3d_rbf_axes_n6_gain0p10_s46	completed_not_in_manifest; promoted_from=stage1_screen_workload_biot_coords3d_rbf_axes_n6_gain0p10_s42
stage2_promote_workload_cbramod_coords3d_rbf_axes_n6_pair64_s43	stage2_promote	workload	workload	cbramod	coords3d_rbf	43	43	coords3d_rbf_axes_n6_pair64	"{""graph_depth"":0,""native_pair_dim"":64,""spatial_embedding_kwargs"":{""anchor_mode"":""axes"",""n_rbf"":6}}"	completed	0.5308333333333334	0.43272727272727274	0.6822222222222222	40	results/spatial_search/runs/workload_cbramod_coords3d_rbf_full_seed43_same_layout_2026-05-17-1141	results/spatial_search/runs/workload_cbramod_coords3d_rbf_full_seed43_same_layout_2026-05-17-1141/config_resolved.yaml	stage2_promote_workload_cbramod_coords3d_rbf_axes_n6_pair64_s43	completed_not_in_manifest; promoted_from=stage1_screen_workload_cbramod_coords3d_rbf_axes_n6_pair64_s42
stage2_promote_workload_cbramod_coords3d_rbf_axes_n6_pair64_s44	stage2_promote	workload	workload	cbramod	coords3d_rbf	44	44	coords3d_rbf_axes_n6_pair64	"{""graph_depth"":0,""native_pair_dim"":64,""spatial_embedding_kwargs"":{""anchor_mode"":""axes"",""n_rbf"":6}}"	completed	0.5516666666666666	0.4690909090909091	0.6733333333333333	21	results/spatial_search/runs/workload_cbramod_coords3d_rbf_full_seed44_same_layout_2026-05-17-1144	results/spatial_search/runs/workload_cbramod_coords3d_rbf_full_seed44_same_layout_2026-05-17-1144/config_resolved.yaml	stage2_promote_workload_cbramod_coords3d_rbf_axes_n6_pair64_s44	completed_not_in_manifest; promoted_from=stage1_screen_workload_cbramod_coords3d_rbf_axes_n6_pair64_s42
stage2_promote_workload_cbramod_coords3d_rbf_axes_n6_pair64_s45	stage2_promote	workload	workload	cbramod	coords3d_rbf	45	45	coords3d_rbf_axes_n6_pair64	"{""graph_depth"":0,""native_pair_dim"":64,""spatial_embedding_kwargs"":{""anchor_mode"":""axes"",""n_rbf"":6}}"	completed	0.5291666666666667	0.43636363636363634	0.7066666666666667	49	results/spatial_search/runs/workload_cbramod_coords3d_rbf_full_seed45_same_layout_2026-05-17-1146	results/spatial_search/runs/workload_cbramod_coords3d_rbf_full_seed45_same_layout_2026-05-17-1146/config_resolved.yaml	stage2_promote_workload_cbramod_coords3d_rbf_axes_n6_pair64_s45	completed_not_in_manifest; promoted_from=stage1_screen_workload_cbramod_coords3d_rbf_axes_n6_pair64_s42
stage2_promote_workload_cbramod_coords3d_rbf_axes_n6_pair64_s46	stage2_promote	workload	workload	cbramod	coords3d_rbf	46	46	coords3d_rbf_axes_n6_pair64	"{""graph_depth"":0,""native_pair_dim"":64,""spatial_embedding_kwargs"":{""anchor_mode"":""axes"",""n_rbf"":6}}"	completed	0.5583333333333333	0.6181818181818182	0.7355555555555555	13	results/spatial_search/runs/workload_cbramod_coords3d_rbf_full_seed46_same_layout_2026-05-17-1149	results/spatial_search/runs/workload_cbramod_coords3d_rbf_full_seed46_same_layout_2026-05-17-1149/config_resolved.yaml	stage2_promote_workload_cbramod_coords3d_rbf_axes_n6_pair64_s46	completed_not_in_manifest; promoted_from=stage1_screen_workload_cbramod_coords3d_rbf_axes_n6_pair64_s42
stage2_promote_workload_labram_coords3d_rbf_axes_n6_residual_s43	stage2_promote	workload	workload	labram	coords3d_rbf	43	43	coords3d_rbf_axes_n6_residual	"{""spatial_embedding_kwargs"":{""anchor_mode"":""axes"",""n_rbf"":6},""spatial_pos_mode"":""residual""}"	completed	0.5725	0.6872727272727273	0.5844444444444444	9	results/spatial_search/runs/workload_labram_coords3d_rbf_full_seed43_same_layout_2026-05-17-1130	results/spatial_search/runs/workload_labram_coords3d_rbf_full_seed43_same_layout_2026-05-17-1130/config_resolved.yaml	stage2_promote_workload_labram_coords3d_rbf_axes_n6_residual_s43	completed_not_in_manifest; promoted_from=stage1_screen_workload_labram_coords3d_rbf_axes_n6_residual_s42
stage2_promote_workload_labram_coords3d_rbf_axes_n6_residual_s44	stage2_promote	workload	workload	labram	coords3d_rbf	44	44	coords3d_rbf_axes_n6_residual	"{""spatial_embedding_kwargs"":{""anchor_mode"":""axes"",""n_rbf"":6},""spatial_pos_mode"":""residual""}"	completed	0.5466666666666666	0.6254545454545455	0.6088888888888889	5	results/spatial_search/runs/workload_labram_coords3d_rbf_full_seed44_same_layout_2026-05-17-1132	results/spatial_search/runs/workload_labram_coords3d_rbf_full_seed44_same_layout_2026-05-17-1132/config_resolved.yaml	stage2_promote_workload_labram_coords3d_rbf_axes_n6_residual_s44	completed_not_in_manifest; promoted_from=stage1_screen_workload_labram_coords3d_rbf_axes_n6_residual_s42
stage2_promote_workload_labram_coords3d_rbf_axes_n6_residual_s45	stage2_promote	workload	workload	labram	coords3d_rbf	45	45	coords3d_rbf_axes_n6_residual	"{""spatial_embedding_kwargs"":{""anchor_mode"":""axes"",""n_rbf"":6},""spatial_pos_mode"":""residual""}"	completed	0.5700000000000001	0.6654545454545454	0.6488888888888888	21	results/spatial_search/runs/workload_labram_coords3d_rbf_full_seed45_same_layout_2026-05-17-1134	results/spatial_search/runs/workload_labram_coords3d_rbf_full_seed45_same_layout_2026-05-17-1134/config_resolved.yaml	stage2_promote_workload_labram_coords3d_rbf_axes_n6_residual_s45	completed_not_in_manifest; promoted_from=stage1_screen_workload_labram_coords3d_rbf_axes_n6_residual_s42
stage2_promote_workload_labram_coords3d_rbf_axes_n6_residual_s46	stage2_promote	workload	workload	labram	coords3d_rbf	46	46	coords3d_rbf_axes_n6_residual	"{""spatial_embedding_kwargs"":{""anchor_mode"":""axes"",""n_rbf"":6},""spatial_pos_mode"":""residual""}"	completed	0.59	0.5854545454545454	0.64	7	results/spatial_search/runs/workload_labram_coords3d_rbf_full_seed46_same_layout_2026-05-17-1137	results/spatial_search/runs/workload_labram_coords3d_rbf_full_seed46_same_layout_2026-05-17-1137/config_resolved.yaml	stage2_promote_workload_labram_coords3d_rbf_axes_n6_residual_s46	completed_not_in_manifest; promoted_from=stage1_screen_workload_labram_coords3d_rbf_axes_n6_residual_s42
